CustomerID,FirstName,LastName,FullName,Gender,BirthDate,Age,City,JoinDate
C001,Michael,Davis,Michael Davis,M,1996-09-11,29,Osborneport,2022-09-25
C002,Michael,Miller,Michael Miller,M,1959-08-18,66,New Gabrielleport,2020-11-03
C003,Carol,Hays,Carol Hays,F,2005-04-19,20,Port Allen,2024-02-12
C004,Joseph,Ward,Joseph Ward,M,1992-06-16,33,East Edgarborough,2024-09-09
C005,Jamie,Salinas,Jamie Salinas,M,1992-06-18,33,Port Kimberly,2022-02-24
C006,Danny,Moore,Danny Moore,M,1986-10-03,39,Costaberg,2022-07-09
C007,Erin,Walker,Erin Walker,M,1985-01-11,41,West Jasmine,2021-10-13
C008,Isaiah,Williams,Isaiah Williams,M,1960-11-13,65,New Michaelland,2025-03-04
C009,Richard,Pacheco,Richard Pacheco,F,2004-08-15,21,West Lisaville,2025-04-17
C010,Catherine,Rice,Catherine Rice,M,1976-12-12,49,West Carol,2025-07-23
C011,Haley,Williams,Haley Williams,M,1997-03-03,29,Leburgh,2023-05-12
C012,Dale,Perry,Dale Perry,M,1989-12-08,36,Lake Dawn,2021-07-16
C013,Robert,Anderson,Robert Anderson,M,1955-01-28,71,Jillianhaven,2023-03-22
C014,Brittany,Green,Brittany Green,M,1974-06-25,51,East Samantha,2021-11-09
C015,Matthew,Molina,Matthew Molina,M,1993-12-12,32,Quinnville,2022-11-27
C016,Miguel,Johnson,Miguel Johnson,M,1976-04-27,49,Murrayborough,2022-02-21
C017,Vanessa,Anderson,Vanessa Anderson,F,1982-03-11,43,Peterside,2024-09-25
C018,Breanna,Davis,Breanna Davis,M,1994-08-19,31,East William,2024-11-12
C019,John,Smith,John Smith,F,1998-05-16,27,Stephaniechester,2023-05-17
C020,Ryan,Cole,Ryan Cole,F,1982-06-26,43,Travisstad,2024-04-19
C021,Debbie,Martin,Debbie Martin,M,1993-11-17,32,Meganmouth,2022-01-22
C022,Megan,Velasquez,Megan Velasquez,M,1955-11-16,70,East James,2020-10-02
C023,Mark,Martinez,Mark Martinez,F,1972-05-09,53,New Christophermouth,2020-10-19
C024,Molly,Murray,Molly Murray,F,1961-11-25,64,North April,2023-04-20
C025,Cheryl,Gilbert,Cheryl Gilbert,F,1971-03-12,54,Bradyshire,2022-01-14
C026,Justin,Macdonald,Justin Macdonald,M,2004-01-04,22,Shepherdburgh,2024-09-03
C027,Jacqueline,Martin,Jacqueline Martin,M,1959-02-05,67,Robertmouth,2023-08-30
C028,John,Carr,John Carr,F,1960-02-10,66,New David,2022-12-16
C029,Tyler,Levine,Tyler Levine,M,1978-05-20,47,West Charles,2021-08-30
C030,Lacey,Hall,Lacey Hall,M,2002-06-10,23,Thomashaven,2022-08-27
C031,Ashley,Gibson,Ashley Gibson,F,2003-03-14,22,East Carrieberg,2025-08-26
C032,Valerie,Macdonald,Valerie Macdonald,M,1992-11-09,33,East Shelby,2021-01-12
C033,Jenny,Beck,Jenny Beck,F,1978-07-27,47,Lake Cody,2025-03-17
C034,Kari,Miller,Kari Miller,F,1964-12-19,61,East Mary,2025-01-13
C035,Kimberly,King,Kimberly King,F,1991-04-19,34,North George,2023-03-22
C036,Michael,Cervantes,Michael Cervantes,M,1991-11-04,34,Ashleyview,2020-09-30
C037,Miranda,Nelson,Miranda Nelson,F,1982-08-30,43,West Melissahaven,2024-01-31
C038,Tracey,Davis,Tracey Davis,M,1974-04-19,51,Wilsonbury,2021-05-10
C039,Nancy,Savage,Nancy Savage,F,1996-11-02,29,Port Sandra,2022-10-17
C040,Scott,Powell,Scott Powell,M,1974-11-06,51,Port Miguel,2022-07-12
C041,Melissa,Rodgers,Melissa Rodgers,F,1980-07-03,45,North Sharontown,2023-01-24
C042,Anna,Andrews,Anna Andrews,F,2000-02-08,26,North Teresashire,2021-11-09
C043,Kenneth,Allen,Kenneth Allen,M,1988-09-14,37,North Jonathonhaven,2023-10-14
C044,Parker,Sparks,Parker Sparks,M,1961-02-14,65,Bryanside,2024-12-27
C045,Kelly,Shaw,Kelly Shaw,M,1975-12-28,50,Zacharyfort,2023-10-09
C046,Dennis,Poole,Dennis Poole,M,1964-01-21,62,New Jontown,2022-06-25
C047,Mary,Decker,Mary Decker,F,2006-07-03,19,Port Jessica,2025-02-25
C048,Alexis,Crane,Alexis Crane,M,2004-12-30,21,Newtonborough,2022-04-10
C049,Antonio,Hamilton,Antonio Hamilton,M,1997-01-03,29,Chambersview,2022-06-23
C050,Kelly,Mcmillan,Kelly Mcmillan,M,1968-06-20,57,Erinland,2022-08-25
C051,Madison,Sellers,Madison Sellers,F,2004-12-19,21,Boyerstad,2024-02-25
C052,Billy,Hernandez,Billy Hernandez,F,1991-09-11,34,Walkerfurt,2024-04-25
C053,Felicia,Morgan,Felicia Morgan,F,1998-04-20,27,Lake Michaelshire,2024-04-07
C054,Crystal,Johnson,Crystal Johnson,F,2002-11-10,23,New Kathleentown,2021-03-19
C055,Deborah,Moody,Deborah Moody,M,1976-07-09,49,Andersonville,2021-02-05
C056,Carl,Wyatt,Carl Wyatt,F,2004-09-23,21,North Tracey,2021-06-19
C057,Julie,Gibson,Julie Gibson,F,1998-09-26,27,Williamsville,2023-03-26
C058,Lawrence,Stewart,Lawrence Stewart,M,2005-07-22,20,West Tinatown,2020-11-10
C059,Scott,Wyatt,Scott Wyatt,F,1963-05-11,62,New Meagan,2024-09-27
C060,Anthony,Conway,Anthony Conway,M,1997-10-09,28,Carlyberg,2025-06-15
C061,Heather,Russell,Heather Russell,M,1968-10-21,57,North Michellemouth,2021-02-01
C062,Susan,Salinas,Susan Salinas,M,2000-06-21,25,Turnerberg,2021-09-23
C063,Michael,Johnson,Michael Johnson,M,1973-01-07,53,West Amandashire,2023-05-29
C064,Amanda,Hoover,Amanda Hoover,F,1973-09-01,52,Brittanyburgh,2024-09-26
C065,Scott,Duke,Scott Duke,F,1969-12-10,56,Williamhaven,2024-01-21
C066,Jason,Jenkins,Jason Jenkins,F,1985-09-14,40,New Randychester,2020-12-21
C067,Daniel,Maldonado,Daniel Maldonado,M,1973-09-07,52,Davisfurt,2021-03-11
C068,Alexandra,Montoya,Alexandra Montoya,F,1981-06-09,44,New Julia,2024-06-13
C069,Gabriel,Daugherty,Gabriel Daugherty,M,1965-10-14,60,New Reginald,2023-01-11
C070,Eric,Bryan,Eric Bryan,M,1971-10-24,54,Taylorhaven,2021-03-04
C071,Denise,Gutierrez,Denise Gutierrez,M,1962-06-18,63,New Manuelville,2021-05-24
C072,Eric,Watkins,Eric Watkins,F,1995-06-06,30,Melissashire,2022-07-02
C073,Carl,Armstrong,Carl Armstrong,F,1964-12-04,61,Port Angelabury,2022-02-09
C074,Jesus,Singh,Jesus Singh,F,1959-05-31,66,Port Michaelstad,2023-02-09
C075,Seth,Moore,Seth Moore,M,1954-09-17,71,New John,2021-05-12
C076,Phyllis,Durham,Phyllis Durham,M,2005-12-14,20,Nancyside,2022-05-07
C077,Matthew,Juarez,Matthew Juarez,F,2002-12-24,23,North Meagan,2022-10-21
C078,Jeanne,Young,Jeanne Young,M,1988-09-25,37,Craigport,2025-01-14
C079,Donald,Marsh,Donald Marsh,F,1979-06-15,46,North Bradleyfurt,2024-07-06
C080,Grace,Garcia,Grace Garcia,F,2003-11-04,22,Markberg,2023-01-02
C081,Sarah,Reynolds,Sarah Reynolds,F,1988-07-20,37,South Christinabury,2022-09-22
C082,Amy,Haley,Amy Haley,M,2003-05-11,22,Vasquezmouth,2024-06-29
C083,Jeremy,Robles,Jeremy Robles,F,1981-03-29,44,West Josephport,2022-02-08
C084,Amanda,Lee,Amanda Lee,M,1972-03-19,53,Meyersstad,2024-09-04
C085,Juan,Ramirez,Juan Ramirez,M,1979-03-23,46,New Michaelview,2023-10-11
C086,Lawrence,Hunter,Lawrence Hunter,F,1975-09-26,50,Port Stephanie,2023-07-26
C087,Laurie,Mason,Laurie Mason,F,1975-06-22,50,Berrymouth,2025-07-02
C088,Brenda,Costa,Brenda Costa,F,1997-10-11,28,North Christian,2022-09-12
C089,William,Warner,William Warner,F,1969-07-12,56,Geoffreystad,2022-11-25
C090,Carrie,Peterson,Carrie Peterson,M,1975-08-18,50,Fergusonview,2022-01-16
C091,Brian,Fowler,Brian Fowler,M,1963-02-04,63,Port Williamhaven,2021-08-23
C092,Lindsey,Holder,Lindsey Holder,F,2001-11-28,24,Mendozaland,2023-12-17
C093,Stanley,Brown,Stanley Brown,M,1978-04-14,47,Baldwinstad,2022-02-25
C094,Kimberly,Stokes,Kimberly Stokes,M,1962-10-18,63,Seanland,2025-08-07
C095,Kevin,Snyder,Kevin Snyder,M,1982-08-20,43,Seanville,2020-12-19
C096,Eric,King,Eric King,M,1989-01-06,37,Lake Amanda,2021-10-27
C097,Evelyn,Gray,Evelyn Gray,M,1994-08-14,31,Wardfort,2025-06-14
C098,Lisa,Vega,Lisa Vega,F,2005-01-09,21,East Colinmouth,2023-05-22
C099,Kimberly,Jones,Kimberly Jones,M,1964-07-22,61,Hansonhaven,2021-01-17
C100,Sean,Hart,Sean Hart,F,1954-09-28,71,North Jason,2024-11-06
C101,William,Pope,William Pope,F,1956-05-29,69,North Gary,2024-09-08
C102,Carolyn,Perez,Carolyn Perez,F,1996-06-20,29,South Briantown,2023-11-12
C103,David,Burns,David Burns,F,1964-10-26,61,Joyceside,2021-06-04
C104,Brenda,Dean,Brenda Dean,M,1965-03-20,60,West Ann,2024-01-17
C105,Kenneth,Berg,Kenneth Berg,M,1969-12-29,56,Morrisborough,2023-07-06
C106,Kevin,Flores,Kevin Flores,F,1987-04-23,38,Lake Ricardo,2025-02-06
C107,Victoria,Hansen,Victoria Hansen,F,1995-10-08,30,Lake Dale,2023-07-17
C108,Samantha,Hill,Samantha Hill,M,1960-11-21,65,Georgetown,2022-06-08
C109,Austin,Hogan,Austin Hogan,F,2006-03-03,20,Port Fernandohaven,2021-07-29
C110,Travis,Peters,Travis Peters,F,1966-01-05,60,South Ianhaven,2022-12-31
C111,Dylan,Booker,Dylan Booker,M,1993-07-13,32,Justintown,2022-01-12
C112,Jeffrey,Smith,Jeffrey Smith,F,1983-12-29,42,Aaronmouth,2023-03-21
C113,Heidi,Wilson,Heidi Wilson,M,1977-05-23,48,Ramosbury,2022-12-31
C114,Miranda,Rodriguez,Miranda Rodriguez,F,1980-07-04,45,Adkinsport,2025-08-23
C115,Jose,Smith,Jose Smith,M,1960-02-25,66,Smithburgh,2023-11-12
C116,Jamie,Webb,Jamie Webb,M,1955-09-26,70,Zacharyberg,2025-07-31
C117,Timothy,Beck,Timothy Beck,F,1987-09-07,38,Lauraborough,2022-12-18
C118,Gina,Bradford,Gina Bradford,M,1975-08-27,50,Port William,2025-07-12
C119,Jason,Lloyd,Jason Lloyd,M,1991-07-31,34,West Ralph,2025-03-31
C120,Curtis,Faulkner,Curtis Faulkner,F,1964-01-10,62,Annaborough,2020-10-18
C121,John,Bell,John Bell,M,1967-02-28,59,Sarahhaven,2021-10-11
C122,Amy,Smith,Amy Smith,M,1961-10-02,64,Simonstad,2024-06-24
C123,Peter,Edwards,Peter Edwards,F,1989-11-06,36,Cliffordbury,2022-06-06
C124,Chad,Roberts,Chad Roberts,F,1962-06-07,63,North Michelle,2021-02-10
C125,Kimberly,Parker,Kimberly Parker,M,1990-04-03,35,Lake Christopher,2021-03-14
C126,Monique,Johnson,Monique Johnson,M,1980-04-04,45,West Paulfurt,2024-12-28
C127,John,Allen,John Allen,F,1982-11-17,43,Kimland,2021-01-22
C128,Robert,Collins,Robert Collins,F,1976-08-06,49,Anthonystad,2025-02-09
C129,Gary,Taylor,Gary Taylor,M,1958-10-08,67,New Michael,2024-12-10
C130,Aaron,Bailey,Aaron Bailey,M,1982-02-03,44,Marcchester,2024-07-15
C131,Denise,Jackson,Denise Jackson,M,1996-10-18,29,Williamsport,2022-12-20
C132,Jared,Ochoa,Jared Ochoa,M,1958-12-24,67,Cisnerosville,2023-04-19
C133,Yvette,Roth,Yvette Roth,M,1962-04-14,63,East Melissashire,2025-06-23
C134,Emily,Hart,Emily Hart,F,1985-01-29,41,Angelaland,2025-05-22
C135,Mario,Cuevas,Mario Cuevas,M,1986-03-07,40,North Charlesville,2023-09-03
C136,Amanda,Garcia,Amanda Garcia,M,2007-06-27,18,Watsonview,2023-04-22
C137,Gary,Lopez,Gary Lopez,M,1984-08-05,41,Amandachester,2024-05-09
C138,Breanna,Moore,Breanna Moore,F,1961-09-28,64,Melissaberg,2021-05-10
C139,Alexander,Mcfarland,Alexander Mcfarland,M,1960-03-21,65,Whiteside,2021-09-16
C140,Stacy,Williams,Stacy Williams,F,1973-06-12,52,Port Gail,2024-08-28
C141,Adam,Lucas,Adam Lucas,F,1978-08-06,47,Allisonmouth,2024-01-07
C142,Suzanne,Fox,Suzanne Fox,M,2005-07-25,20,Joelborough,2020-12-27
C143,Cynthia,Carlson,Cynthia Carlson,M,1961-06-03,64,South Jameschester,2023-06-10
C144,Betty,Johnson,Betty Johnson,F,1963-09-02,62,North Lisa,2021-03-03
C145,Paige,Osborne,Paige Osborne,F,1959-11-07,66,Carlsonborough,2021-08-19
C146,John,Johnson,John Johnson,F,1997-03-26,28,North Jamesport,2022-08-31
C147,Crystal,Garrison,Crystal Garrison,F,1967-02-03,59,New Jason,2023-05-20
C148,John,Foster,John Foster,F,2005-07-08,20,Charlesmouth,2024-11-05
C149,Melissa,Torres,Melissa Torres,M,1978-01-24,48,North Kathryn,2025-05-02
C150,Francis,Hernandez,Francis Hernandez,M,1971-06-17,54,Juliefurt,2022-10-07
C151,Dawn,Fletcher,Dawn Fletcher,M,2006-08-30,19,South Audrey,2022-01-26
C152,Brittany,Green,Brittany Green,M,1987-06-17,38,Port Jeffreyside,2021-03-06
C153,Nancy,Gordon,Nancy Gordon,F,1988-04-07,37,Port Alex,2023-02-05
C154,Lisa,Martinez,Lisa Martinez,M,1971-09-02,54,East Codyton,2023-11-21
C155,Jill,Mcconnell,Jill Mcconnell,M,1965-09-20,60,Kevinshire,2024-03-23
C156,George,Young,George Young,M,1956-11-28,69,Lisatown,2024-01-04
C157,Connie,Terry,Connie Terry,M,1965-12-16,60,Port Patriciaburgh,2022-12-22
C158,Crystal,Aguirre,Crystal Aguirre,M,1981-07-24,44,Dylanmouth,2023-09-15
C159,Thomas,Chung,Thomas Chung,M,1990-10-14,35,Joshuamouth,2022-01-26
C160,Meagan,Macdonald,Meagan Macdonald,M,1991-09-10,34,Port Jacob,2021-10-27
C161,Michael,Perez,Michael Perez,M,1963-01-19,63,Shannontown,2023-01-31
C162,Jill,Roach,Jill Roach,M,2000-08-30,25,Ellisside,2022-06-03
C163,Erin,Rogers,Erin Rogers,F,1985-10-08,40,Lake Lindsay,2025-08-20
C164,Linda,Vasquez,Linda Vasquez,M,1968-07-28,57,North Rodney,2020-12-21
C165,Tanya,Mueller,Tanya Mueller,M,1972-12-26,53,West Tanner,2023-12-05
C166,Meagan,Ali,Meagan Ali,F,2001-05-13,24,South Markbury,2023-07-10
C167,Kimberly,Lin,Kimberly Lin,F,1989-12-06,36,Wilsonland,2022-05-28
C168,Richard,Jones,Richard Jones,M,1969-07-30,56,Lake Steventown,2022-10-01
C169,Travis,Watson,Travis Watson,M,1967-06-15,58,Christopherburgh,2021-12-23
C170,Amber,Graham,Amber Graham,F,1984-05-05,41,Lake Melissaborough,2025-08-20
C171,Christina,Dominguez,Christina Dominguez,M,1993-03-15,32,Robertsborough,2025-07-28
C172,Michelle,Smith,Michelle Smith,F,1977-03-14,48,New Fred,2025-06-21
C173,Lisa,Ruiz,Lisa Ruiz,F,1958-08-28,67,South Marcusberg,2025-08-22
C174,Scott,Howell,Scott Howell,M,2005-07-07,20,South Jennifer,2025-08-28
C175,Stacey,Thompson,Stacey Thompson,M,1998-01-07,28,Davidtown,2021-02-25
C176,Peter,Garcia,Peter Garcia,M,1979-10-07,46,West Amymouth,2021-07-22
C177,Anthony,Gould,Anthony Gould,F,1985-01-05,41,South James,2022-01-23
C178,Mark,Mcdonald,Mark Mcdonald,F,1960-12-05,65,East Paulburgh,2024-06-22
C179,Dennis,Wallace,Dennis Wallace,F,1985-02-14,41,Bennettburgh,2025-08-19
C180,Nichole,Calhoun,Nichole Calhoun,F,1959-12-15,66,West Dakotaside,2022-10-19
C181,Brittany,Oneal,Brittany Oneal,F,1972-11-28,53,Port Bryce,2024-12-12
C182,Meghan,Wright,Meghan Wright,M,2004-07-25,21,East Rodney,2021-04-16
C183,Mary,Dawson,Mary Dawson,M,1990-11-19,35,New Tiffanyberg,2021-08-27
C184,Daniel,Mcintyre,Daniel Mcintyre,M,2003-04-13,22,West Katrina,2021-04-19
C185,Joe,Vincent,Joe Vincent,F,1975-07-04,50,North Chaseborough,2024-10-06
C186,Vicki,Guzman,Vicki Guzman,F,1960-05-05,65,West Wandaland,2024-02-07
C187,Cynthia,Cherry,Cynthia Cherry,M,1989-01-14,37,Gomeztown,2023-11-01
C188,Ryan,Flores,Ryan Flores,M,1960-11-23,65,East Danielleshire,2023-05-19
C189,Steve,Flynn,Steve Flynn,M,1966-08-07,59,East Walter,2021-03-05
C190,Daniel,Lawson,Daniel Lawson,M,1967-08-19,58,Conwayside,2023-04-10
C191,Karen,Quinn,Karen Quinn,F,1958-07-14,67,Kristinemouth,2022-06-11
C192,James,Wilson,James Wilson,M,2006-07-28,19,Franklinview,2023-09-26
C193,Donald,Meza,Donald Meza,F,1969-11-06,56,North Kelly,2020-12-08
C194,Ann,West,Ann West,M,2000-09-02,25,Craigshire,2022-08-05
C195,James,Mitchell,James Mitchell,F,1976-08-23,49,East Raymond,2025-06-19
C196,James,Noble,James Noble,F,1964-04-24,61,Woodbury,2025-02-19
C197,Matthew,Dixon,Matthew Dixon,M,1957-09-23,68,Lake Emily,2020-11-18
C198,Jessica,Mullins,Jessica Mullins,M,1986-01-23,40,Jessicaside,2022-12-10
C199,Juan,Johnson,Juan Johnson,F,1970-05-18,55,South Scottton,2021-07-28
C200,Ronald,Haley,Ronald Haley,M,2001-12-24,24,Jenniferbury,2025-06-24
